IR_Wavelength_1,IR_Wavelength_2,IR_Wavelength_3,IR_Wavelength_9,IR_Wavelength_10,Material_Type
869361,1483879,2889589,1087809,2104097,HDPE
898613,1528067,2946365,1120691,2149779,HDPE
976119,1658999,2891831,1218105,2187363,HDPE
871969,1490323,2614357,1093301,1976045,HDPE
1367857,2395733,3976695,1738113,3056341,HDPE
894919,1462319,2788107,1089867,2046127,HDPE
906133,1545077,2716367,1134209,2047063,HDPE
1134479,2024143,3424007,1455741,2615651,HDPE
962371,1646807,2886951,1206425,2177769,HDPE
891185,1417615,2535043,1061447,1889385,HDPE
871335,1616961,2981605,1142549,2194435,HDPE
1014493,1733079,2967987,1269107,2258321,HDPE
1473349,2528719,4392079,1835427,3306093,HDPE
925957,1718551,3164321,1223193,2345985,HDPE
1365153,2405241,4044733,1741295,3094869,HDPE
1176119,2166373,3504409,1543803,2716951,HDPE
1029685,1875561,3180855,1344681,2428665,HDPE
1038937,1886735,3172003,1352001,2430285,HDPE
1039413,1767453,3030183,1297803,2304275,HDPE
1214433,2115779,3487363,1538651,2689779,HDPE
1008349,1730301,2917335,1266089,2231993,HDPE
954805,1600067,2728715,1180813,2080227,HDPE
1001953,1718299,2947061,1258691,2238989,HDPE
1051385,1788765,3021939,1312375,2312017,HDPE
1324147,2309699,3910583,1682137,2989387,HDPE
1006411,1710121,3016115,1257595,2272625,HDPE
1344265,2300673,3855597,1731141,3029467,HDPE
545041,943371,1549715,697597,1172783,HDPE
559085,905601,1216261,679327,1022593,HDPE
1338549,2322969,3931675,1694155,3005095,HDPE
1390885,2404253,4083357,1753435,3117081,HDPE
1474067,2448443,4047545,1813013,3119183,HDPE
1505609,2518805,4140693,1858013,3199291,HDPE
958323,1613425,2977113,1187399,2205035,HDPE
1446609,2449355,4052293,1803993,3123173,HDPE
841431,1420345,2638353,1044661,1954549,HDPE
851563,1434843,2971477,1053727,2077223,HDPE
970695,1648535,2896231,1206921,2182269,HDPE
832895,1515375,2871771,1088085,2113451,HDPE
859863,1456041,2683607,1038131,1935035,HDPE
1007075,1721031,3002291,1262685,2269883,HDPE
1012295,1729471,2946813,1267139,2247781,HDPE
986901,1676249,3016811,1230949,2256015,HDPE
1432871,2451849,4190161,1794345,3191117,HDPE
1001127,1691211,2960873,1243703,2233465,HDPE
1014641,1721011,3045225,1264075,2287601,HDPE
870045,1479429,2495375,1084067,1909297,HDPE
1063219,1804231,3097747,1326243,2356541,HDPE
907315,1584445,2829799,1148203,2114223,HDPE
1500751,2512795,3966785,1852257,3107753,HDPE
1572361,2691877,4633921,1970767,3505453,HDPE
1387311,2341471,3831527,1720707,2958273,HDPE
934349,1546291,2922465,1145205,2147603,HDPE
1601651,2775521,4624565,2020885,3550029,HDPE
847369,1492437,2833097,1077549,2075277,HDPE
879049,1415181,2840967,1059677,2045823,HDPE
1434361,2412063,4031971,1775877,3091753,HDPE
1012461,1736111,3002827,1270301,2277705,HDPE
1248609,2056101,3536827,1523429,2682033,HDPE
1425523,2407189,4156453,1770789,3145177,HDPE
1036779,1756537,3024955,1292917,2289395,HDPE
1418437,2437041,4135027,1780741,3160259,HDPE
1397389,2388517,4005995,1756871,3084469,HDPE
1018999,1687955,3003941,1261165,2254249,HDPE
1433571,2445563,3931603,1790963,3059077,HDPE
917235,1635605,2900489,1182145,2181535,HDPE
1334307,2297519,3711801,1678541,2886537,HDPE
1356047,2275519,3867175,1680949,2949311,HDPE
1302489,2251721,3857417,1645189,2937509,HDPE
1031957,1754467,3011073,1288721,2291257,HDPE
994785,1688899,2919793,1243199,2216237,HDPE
1486789,2511701,4124283,1846389,3189405,HDPE
1494531,2544605,4310483,1867783,3293285,HDPE
1233823,2148435,3552479,1562623,2740465,HDPE
1465617,2554497,4218399,1860273,3252271,HDPE
1010513,1700091,2938551,1254191,2229255,HDPE
1473919,2558863,4470539,1864451,3377551,HDPE
954885,1626469,2923557,1194469,2184447,HDPE
1057875,1727947,3273053,1285243,2412855,HDPE
1306503,2233821,3640965,1638611,2822011,HDPE
1560367,2690339,4551541,1966201,3478099,HDPE
1136647,1880097,3443843,1395529,2559995,HDPE
1581921,2486855,3888315,1876499,3053059,HDPE
1410857,2353767,3743895,1738769,2926635,HDPE
973955,1646857,2674597,1209955,2077273,HDPE
1510381,2567341,4419177,1882113,3351749,HDPE
1181553,2207119,3731117,1567497,2846599,HDPE
1647563,2943563,4895361,2124225,3763957,LDPE
908375,1562747,2759067,1141609,2076107,LDPE
1066823,1794539,3056407,1324571,2334111,LDPE
1534709,2654239,4373685,1935729,3375581,LDPE
960229,1515691,3319533,1143263,2328457,LDPE
1009673,1667703,3165669,1235649,2317571,LDPE
1021621,1773805,3093381,1293467,2337909,LDPE
1042609,1742221,2901653,1285623,2229179,LDPE
1370457,2362305,3958213,1725205,3035651,LDPE
1712099,3033169,5017691,2199075,3872509,LDPE
1241367,2112383,3523435,1550781,2707069,LDPE
1080971,1813463,3160597,1335857,2391445,LDPE
992171,1687191,2921039,1239825,2212955,LDPE
1277963,2221299,3706301,1618163,2847965,LDPE
1532361,2665651,4525489,1940477,3454287,LDPE
1647215,2937395,4850539,2121121,3740571,LDPE
1036245,1786123,3073939,1306755,2334513,LDPE
1165967,2006091,3358193,1464981,2577255,LDPE
1089047,1806825,3134469,1338815,2374489,LDPE
1687879,2938081,4835451,2138037,3733291,LDPE
1015709,1732041,3078805,1269175,2312351,LDPE
1434241,2463197,4183625,1799263,3193183,LDPE
1594179,2823185,4659323,2043397,3594049,LDPE
1360933,2312183,3858383,1695837,2963627,LDPE
1034039,1768899,3033403,1295713,2306071,LDPE
1136409,1892511,3347191,1398731,2518401,LDPE
1345897,2298929,3828905,1685563,2943261,LDPE
1247953,2121401,3634235,1558569,2766097,LDPE
1150955,1983387,3364599,1449367,2569035,LDPE
1075757,1828859,3199513,1344447,2415743,LDPE
1391683,2326927,3816705,1718681,2950949,LDPE
1179613,2048511,3434371,1499263,2640181,LDPE
1212035,2070381,3430293,1517713,2641575,LDPE
1213147,2069525,3428727,1517925,2641299,LDPE
1726795,3075065,5111149,2223665,3933811,LDPE
1726321,3073295,5103589,2219259,3927609,LDPE
1143175,1892429,3182735,1401803,2437873,LDPE
1144393,1929385,3245267,1422719,2487261,LDPE
1110765,1934919,3308345,1407413,2520211,LDPE
1217725,2114607,3524279,1542423,2709653,LDPE
1077451,1785643,3109817,1320751,2351153,LDPE
1052625,1748347,3028651,1288915,2283513,LDPE
1739425,2926135,4966239,2153265,3789271,LDPE
1642413,2833577,4663775,2055023,3585675,LDPE
1653071,2856789,4738421,2085377,3644855,LDPE
1101903,1791581,3238939,1335017,2418087,LDPE
1129473,1802043,3246809,1350933,2423027,LDPE
1027619,1730919,2967295,1278423,2259049,LDPE
1083469,1794675,3060609,1325285,2329833,LDPE
1031717,1725053,2895319,1274803,2218821,LDPE
1021369,1714395,3011889,1253155,2254719,LDPE
954893,1584163,2755161,1173403,2083197,LDPE
1014107,1648931,2929747,1228271,2199397,LDPE
1021203,1710313,2979513,1256219,2242609,LDPE
1376521,2233683,3759989,1670019,2870689,LDPE
1440625,2360171,4009603,1754209,3057067,LDPE
1424717,2382281,3863707,1760119,2999223,LDPE
1349643,2236383,3746371,1659161,2878163,LDPE
1037119,1717913,3033101,1261719,2272673,LDPE
1192453,2016419,3383849,1482097,2592557,LDPE
1566033,2624363,4159763,1935081,3253857,LDPE
1564517,2610823,4218409,1928853,3277703,LDPE
1191417,1954545,3246799,1449103,2497923,LDPE
1201903,1992295,3379583,1476783,2570487,LDPE
1579253,2726443,4487095,1991211,3462819,LDPE
1602517,2750957,4523827,2012439,3491107,LDPE
1116383,1844059,3161823,1366989,2403471,LDPE
1115211,1835097,3159411,1366333,2400789,LDPE
1200101,2021175,3340711,1491293,2579345,LDPE
1200855,2043927,3389665,1503159,2620033,LDPE
1533489,2577653,4331331,1899295,3316361,LDPE
1457591,2559125,4363869,1858197,3325621,LDPE
1035071,1715779,2984587,1276201,2269203,LDPE
1025293,1744785,3024579,1280411,2288531,LDPE
1177111,1877365,3320445,1411797,2499163,LDPE
1176623,1882799,3330515,1412861,2505737,LDPE
1110605,1905089,3300417,1394289,2500529,LDPE
933283,1477835,3276803,1112911,2289073,LDPE
1452427,2381489,4064543,1770351,3095511,LDPE
1384229,2289247,3749479,1700077,2903689,LDPE
1680245,2884355,4767023,2110265,3672045,LDPE
1668845,2874751,4749337,2099767,3659649,LDPE
1125709,1796819,3023191,1349625,2314493,LDPE
1124439,1807397,3140791,1353685,2372149,LDPE
1734943,2996249,4935303,2155279,3769415,LDPE
1748505,3039723,5015163,2206769,3866515,LDPE
1186003,1977237,3300797,1461205,2534241,LDPE
1067981,1761157,2984459,1306111,2278399,LDPE
1245009,2072341,3487971,1520389,2659323,LDPE
1244351,2083809,3330391,1531531,2591557,LDPE
1373851,2258241,3691119,1679195,2857457,LDPE
1439733,2338153,3925017,1743687,3007163,LDPE
1377533,2281191,3903923,1687369,2969635,LDPE
1372941,2277655,3900997,1686233,2967683,LDPE
1367485,2249765,3878225,1681363,2950945,LDPE
1171937,1963867,3257457,1447981,2504211,LDPE
1213819,2023449,3420529,1494169,2613159,LDPE
1187931,1976453,3277475,1460721,2523303,LDPE
1009553,1662777,2912769,1235163,2197465,LDPE
994877,1706345,2955013,1249059,2240209,LDPE
984349,1670223,2946353,1226691,2217159,LDPE
1045847,1688209,3029257,1263547,2265997,LDPE
1049413,1687987,3032545,1263865,2267811,LDPE
1047875,1682469,2971437,1260885,2237395,LDPE
1057019,1652939,2777655,1254613,2135041,LDPE
818825,1429059,2427743,1038155,1850411,LDPE
832495,1418103,2406103,1029721,1825033,LDPE
802979,1393507,2402573,1019755,1820945,LDPE
1640477,2812059,4618221,2053753,3560873,LDPE
1615547,2825827,4670097,2049735,3591299,LDPE
1625863,2796971,4593741,2030541,3517997,LDPE
1180197,1978407,3275057,1454931,2516033,LDPE
1182495,1982229,3298521,1464115,2537273,LDPE
1188291,1995527,3216907,1469421,2501589,LDPE
1090399,1777413,3123707,1323645,2353191,LDPE
1087749,1749713,3047285,1310755,2304663,LDPE
1049239,1722043,2969799,1285733,2257989,LDPE
1229129,2042041,3437965,1515699,2645353,LDPE
1190351,2077313,3501493,1509831,2678289,LDPE
987985,2033589,3299665,1395625,2550645,HDPE
992033,2043305,3311875,1399529,2558603,HDPE
967793,2617937,3975225,1670571,3171047,HDPE
1073025,2596131,4221975,1699357,3270559,HDPE
1013065,2494465,4118677,1627355,3175037,HDPE
1264449,2186883,3859033,1597127,2905361,HDPE
1265169,2189677,3863787,1596069,2906961,HDPE
1589507,3083057,5088973,2163507,3921113,HDPE
1349867,2279331,4020455,1674919,3025633,HDPE
1348471,2283101,4036143,1676551,3035629,HDPE
1288167,2202745,3982629,1615783,2973205,HDPE
1274005,2186857,3868985,1598755,2909071,HDPE
1313117,2238215,3982005,1638633,2988729,HDPE
914509,1490375,2638545,1108675,1983107,HDPE
909971,1488599,2593879,1101697,1958769,HDPE
897123,1475217,2582247,1096613,1950005,HDPE
909143,1372087,2785233,1049125,1998773,HDPE
876959,1507973,2953495,1104975,2148191,HDPE
894287,1351653,2869109,1036383,2030833,HDPE
1052903,1648933,2871639,1247247,2169703,HDPE
1041603,1633901,2852695,1236623,2152163,HDPE
976981,1586845,2719467,1183579,2067633,HDPE
948635,1542787,2704121,1151747,2039813,HDPE
1474435,2465773,3995665,1820033,3099611,HDPE
1293337,2114475,3659783,1577391,2778597,HDPE
1380819,2199693,3505997,1653765,2741291,HDPE
850349,1388719,2723869,1032095,1977601,HDPE
936271,1469015,2864503,1106813,2066717,HDPE
897945,1402859,2713965,1061325,1978255,HDPE
1349337,2285673,3868401,1678935,2956435,HDPE
1331809,2266587,3857701,1669627,2953703,HDPE
965417,1583267,2770511,1178491,2096341,HDPE
967101,1593115,2791331,1183071,2108513,HDPE
1036777,1622873,2953031,1230847,2207183,HDPE
1066507,1677897,2964335,1270359,2229463,HDPE
959075,1563669,2760999,1163953,2077175,HDPE
974809,1587619,2842987,1182683,2127995,HDPE
869279,1386085,2887349,1043547,2055331,HDPE
842447,1455931,2724079,1062899,2011515,HDPE
1429315,2369221,3978179,1753781,3046499,HDPE
1405891,2274259,3655063,1691227,2840603,HDPE
888643,1486725,2596787,1098733,1963497,HDPE
886811,1427829,2456899,1068315,1865705,HDPE
1291329,2086613,3418887,1561319,2642819,HDPE
1285391,2104697,3496781,1567187,2691141,HDPE
1284579,2095893,3584439,1565623,2732649,HDPE
1285273,2103373,3489385,1565555,2684771,HDPE
1244229,2185143,3488569,1583901,2718023,HDPE
1162547,2060055,3393489,1488855,2617637,HDPE
1242137,2019411,3146099,1512267,2489165,HDPE
902531,1342959,2375361,1032075,1784795,HDPE
854349,1408455,2721725,1046177,1985115,HDPE
843725,1326741,2397661,1000913,1790819,HDPE
1058175,1727231,2963925,1286345,2251461,HDPE
994535,1603153,2770719,1198307,2100917,HDPE
1472971,2410643,4022663,1793433,3086635,HDPE
1349353,2239499,3766405,1658769,2881597,HDPE
1003765,1647869,2798981,1223935,2134363,HDPE
1454685,2393675,3783549,1768043,2948803,HDPE
1441971,2380913,3762151,1760755,2937891,HDPE
1493673,2396147,3817039,1803899,2991317,HDPE
1045907,1666709,3011627,1259675,2297713,HDPE
1038573,1703657,3012899,1266473,2263567,HDPE
1004827,1757245,3050247,1273431,2306673,HDPE
1043937,1795247,3043665,1312537,2322183,HDPE
1002573,1717027,2938745,1255907,2235739,HDPE
984331,1839749,3040859,1302391,2341219,HDPE
947949,1739701,2912417,1252989,2249675,HDPE
1141193,1840551,3199291,1376677,2422587,HDPE
1429763,2476799,4237909,1803673,3223845,HDPE
1373649,2492885,4154797,1791459,3195149,HDPE
1008843,1636993,2808685,1223407,2134135,HDPE
1023873,1662409,2882919,1240563,2184081,HDPE
1532867,2497845,4179317,1860603,3204923,HDPE
1078079,1763915,3010665,1310275,2292499,HDPE
988269,1606963,2761863,1197391,2096777,HDPE
1137117,1801721,3248451,1357435,2424417,HDPE
952389,1565295,2820431,1160939,2107005,HDPE
874635,1484487,2750701,1088225,2036711,HDPE
985217,1607599,2921361,1197095,2173757,HDPE
830789,1386957,2475201,1024079,1855147,HDPE
897323,1461427,2785959,1088221,2041291,HDPE
1047945,1699813,2938807,1265161,2222445,HDPE
1003129,1677733,2905117,1233401,2196747,HDPE
1043169,1688943,2870613,1261205,2188539,HDPE
658435,977203,1691229,753023,1277075,HDPE
474073,821845,1397103,598325,1062889,HDPE
1522575,2468093,4228413,1836679,3212391,HDPE
1484859,2430887,4150783,1812415,3165797,HDPE
1464399,2469499,4243687,1816907,3221183,HDPE
1247523,2083053,3368483,1544565,2624807,HDPE
1272709,2133511,3509209,1570257,2706231,HDPE
892497,1453091,2726331,1083145,2008721,HDPE
835473,1393199,2578225,1030399,1906713,HDPE
1356767,2258219,3483913,1665557,2753323,HDPE
1373123,2269317,3815801,1683173,2920367,HDPE
1363659,2282805,3673887,1684229,2856563,HDPE
1369651,2278035,3814989,1685075,2924057,HDPE
956197,1579491,2839659,1171273,2122555,HDPE
889113,1623877,2871071,1158595,2157991,HDPE
1007319,1660263,2833657,1232199,2157449,HDPE
1035109,1687051,2870733,1252641,2183959,HDPE
1473853,2358549,3827521,1767925,2967935,HDPE
1431251,2373387,3855069,1758757,2990179,HDPE
1066121,1742121,2929711,1298013,2242937,HDPE
1094651,1785679,3038047,1330969,2316123,HDPE
1543905,2465257,4007805,1853871,3103135,HDPE
1022795,1677265,2858555,1246365,2177215,HDPE
1454111,2440443,4290093,1798711,3229947,HDPE
1228603,2054863,3362231,1516167,2598493,HDPE
1237163,2069441,3417953,1527017,2634607,HDPE
1230299,2058035,3393691,1519805,2617081,HDPE
1204751,2034165,3369791,1496091,2593855,HDPE
872629,1478135,2713613,1087235,2027145,HDPE
1010321,1757625,2894481,1278361,2233669,HDPE
982131,1585697,2547233,1178609,1957187,HDPE
830877,1430559,2304235,1045129,1795851,HDPE
1212071,2162147,3556001,1560077,2742719,HDPE
1163219,2079241,3387955,1499907,2627905,HDPE
1310299,2191291,3684347,1619119,2820123,HDPE
1312103,2191509,3360819,1665865,2677223,HDPE
1311471,2243991,3520339,1642851,2755459,HDPE
1313205,2215817,3692475,1610059,2828711,HDPE
1413957,2331369,3776879,1729265,2934207,HDPE
1460653,2449645,3907025,1816309,3075381,HDPE
959173,1559203,2708817,1162523,2049035,HDPE
979061,1583081,2724675,1182669,2070233,HDPE
1456477,2436277,3990229,1804167,3091779,HDPE
1489629,2445997,3926949,1824841,3082749,HDPE
1028351,1675991,2845317,1250047,2172349,HDPE
853215,1455923,2608013,1062217,1942839,HDPE
770807,1285581,2553807,948527,1849613,HDPE
877403,1401957,2591713,1054113,1933299,HDPE
998113,1618061,2785529,1211635,2117251,HDPE
1414155,2440155,4318561,1777269,3234799,HDPE
1168449,1797641,3074991,1367049,2338119,HDPE
1013527,1617969,2785391,1214219,2115377,HDPE
1016399,1654235,2907331,1226879,2184265,HDPE
837287,1349691,2683113,1030843,1964063,HDPE
881827,1416735,2826667,1059801,2038039,HDPE
840277,1428715,2794147,1045031,2023425,HDPE
1361873,2259189,3812919,1669629,2906653,HDPE
1475477,2415859,4040721,1801219,3103395,HDPE
1447647,2330885,3761847,1743609,2924449,HDPE
1470367,2437585,4156123,1804439,3166507,HDPE
1605817,2634357,4473893,1957575,3414825,HDPE
1478323,2385445,3940091,1782319,3025083,HDPE
1342529,2262205,3843685,1662651,2927931,HDPE
1288689,2153455,3615357,1585571,2759789,HDPE
1009427,1635441,2881789,1219521,2167895,HDPE
917947,1411663,2773763,1085977,2001615,HDPE
1455109,2405939,4140845,1781917,3138259,HDPE
1411537,2275661,3626329,1706429,2828017,HDPE
1517473,2474317,4271171,1844479,3240429,HDPE
1528999,2555115,4343841,1889429,3320121,HDPE
1393395,2252763,3659235,1693893,2868345,HDPE
1011475,1666801,2856433,1232731,2168533,HDPE
